,problem,k_solution_sizes_average,l_solution_sizes_average,k_times_average,l_times_average
0,er,459.392,466.98,10.389381100000001,0.22762938239602953
1,ba,292.834,293.274,2.074714026,0.2347801882640415
2,hk,391.706,394.276,9.685211879999999,0.2678147661760231
3,ws,432.514,443.782,4.568884,0.27043579947996477
