,ENZYMES,ErdosRenyi@@50,WattsStrogatz@@100,COLLAB,BarabasiAlbert@@100,WattsStrogatz@@50,PROTEINS,ErdosRenyi@@100,BarabasiAlbert@@400,WattsStrogatz@@400,PowerlawCluster@@100,PowerlawCluster@@50,MUTAG,REDDIT-BINARY,IMDB-BINARY,REDDIT-MULTI-12K,ErdosRenyi@@400,PowerlawCluster@@400,REDDIT-MULTI-5K,BarabasiAlbert@@50,RANDOM
gurobi_8.0,81.45,530.193,392.068,2624.599,720.218,198.745,102.36160714285714,2002.9755,2213.085,1179.808,712.9465,346.424,27.94736842105263,633.7875,97.495,649.0192791282481,16495.495,2173.946,847.778,352.121,
gurobi_4.0,81.45,530.173,392.068,2624.585,719.995,198.745,102.36160714285714,2002.9175,2213.004,1178.464,712.7235,346.424,27.94736842105263,633.7875,97.495,649.0058675607712,16495.244,2173.816,847.724,352.121,
gurobi_2.0,81.45,530.124,392.068,2624.577,719.93,198.745,102.36160714285714,2002.8885,2208.788,1178.008,712.6255,346.424,27.94736842105263,633.7875,97.495,648.9983235540653,16493.979,2169.781,847.564,352.121,
SDP lift,82.51778809229533,,,2627.7631793823243,,,103.8618523819106,,,,,,28.101939753482217,,97.83850940704346,,,,,,896.5637869873046
SDP proj,81.45,,,2624.261,,,102.29910714285714,,,,,,27.94736842105263,,97.495,,,,,,872.0625
edge count,124.27333333333333,,,4914.4316,,,145.6316262353998,,,,,,39.58510638297872,,193.062,,,,,,
