,PROTEINS,COLLAB,WattsStrogatz@@50,REDDIT-BINARY,ErdosRenyi@@400,PowerlawCluster@@100,PowerlawCluster@@400,ENZYMES,WattsStrogatz@@100,WattsStrogatz@@400,MUTAG,ErdosRenyi@@50,ErdosRenyi@@100,BarabasiAlbert@@50,PowerlawCluster@@50,BarabasiAlbert@@100,REDDIT-MULTI-5K,IMDB-BINARY,REDDIT-MULTI-12K,BarabasiAlbert@@400,RANDOM
gurobi_2.0,102.36160714285714,2624.595,198.745,694.135,16494.352,712.4625,2169.86,81.45,392.068,1177.892,27.94736842105263,530.076,2002.8825,352.121,346.424,719.803,787.915,97.495,568.91,2208.624,
gurobi_8.0,102.36160714285714,2624.617,198.745,694.135,16495.307,712.8815,2173.876,81.45,392.068,1179.861,27.94736842105263,530.163,2002.9315,352.121,346.424,720.172,787.915,97.495,568.94,2212.489,
gurobi_0.1,102.28125,2624.321,198.744,693.015,16476.722,711.6795,2169.456,81.45,390.957,1173.45,27.94736842105263,529.931,2002.8815,351.872,346.177,719.406,785.445,97.495,567.71,2208.111,
gurobi_4.0,102.36160714285714,2624.607,198.745,694.135,16495.059,712.6245,2173.765,81.45,392.068,1178.477,27.94736842105263,530.111,2002.8975,352.121,346.424,719.891,787.915,97.495,568.92,2212.424,
gurobi_0.5,102.36160714285714,2624.511,198.745,694.075,16481.573,711.8785,2169.456,81.45,392.058,1173.505,27.94736842105263,529.977,2002.8815,352.105,346.423,719.507,787.135,97.495,568.76,2208.111,
gurobi_1.0,102.36160714285714,2624.569,198.745,694.105,16491.6,712.2625,2169.458,81.45,392.067,1175.974,27.94736842105263,530.026,2002.8815,352.116,346.423,719.718,787.485,97.495,568.91,2208.112,
greedy,60.74107142857143,1345.7,116.65,439.79,8622.33606557377,402.539,1230.981,48.53333333333333,229.433,690.189,16.94736842105263,298.546,1097.259,200.097,196.234,407.981,495.02,51.85,358.4,1255.219,
SDP lift,103.8618523819106,2627.7631793823243,,,,,,82.51778809229533,,,28.101939753482217,,,,,,,97.83850940704346,,,896.5637869873046
SDP proj,102.29910714285714,2624.261,,,,,,81.45,,,27.94736842105263,,,,,,,97.495,,,872.0625
edge count,145.6316262353998,4914.4316,,,,,,124.27333333333333,,,39.58510638297872,,,,,,,193.062,,,
