,WattsStrogatz@@100,ErdosRenyi@@100,IMDB-BINARY,REDDIT-MULTI-12K,REDDIT-BINARY,BarabasiAlbert@@400,BarabasiAlbert@@100,PowerlawCluster@@400,WattsStrogatz@@400,BarabasiAlbert@@50,ErdosRenyi@@50,ErdosRenyi@@400,MUTAG,WattsStrogatz@@50,REDDIT-MULTI-5K,PowerlawCluster@@100,PROTEINS,COLLAB,ENZYMES,PowerlawCluster@@50,RANDOM,ForcedRB
gurobi_4.0,-89.798,-122.771,-16.76,-90.18440905280805,-77.56,-246.465,-83.189,-247.568,-269.394,-42.818,-54.672,-417.029,-7.7368421052631575,-45.737,-114.062,-84.069,-24.964285714285715,-67.462,-20.0,-42.977,,
gurobi_2.0,-89.798,-122.861,-16.76,-90.18440905280805,-77.56,-246.465,-83.189,-247.568,-269.394,-42.818,-54.672,-419.945,-7.7368421052631575,-45.737,-114.062,-84.069,-24.964285714285715,-67.462,-20.0,-42.977,,
gurobi_8.0,-89.798,-122.704,-16.76,-90.18440905280805,-77.56,-246.465,-83.189,-247.568,-269.394,-42.818,-54.672,-416.336,-7.7368421052631575,-45.737,-114.062,-84.069,-24.964285714285715,-67.462,-20.0,-42.977,,
SDP lift,,,-16.60996855020523,,,,,,,,,,-8.149278062455197,,,,-23.595317618866172,-54.37127593731812,-19.83108720719814,,-73.35152729797363,-196.41942362976073
SDP proj,,,-16.63,,,,,,,,,,-8.170212765957446,,,,-23.690925426774484,-54.54536771728749,-19.863333333333333,,-81.3,-197.206
vertex count,,,-19.773,,,,,,,,,,-17.930851063829788,,,,-39.05750224618149,-74.4948,-32.63333333333333,,,
