,WattsStrogatz@@100,ErdosRenyi@@100,IMDB-BINARY,REDDIT-MULTI-12K,REDDIT-BINARY,BarabasiAlbert@@400,BarabasiAlbert@@100,PowerlawCluster@@400,WattsStrogatz@@400,BarabasiAlbert@@50,ErdosRenyi@@50,ErdosRenyi@@400,MUTAG,WattsStrogatz@@50,REDDIT-MULTI-5K,PowerlawCluster@@100,PROTEINS,COLLAB,ENZYMES,PowerlawCluster@@50,RANDOM,ForcedRB
gurobi_4.0,-89.798,-122.771,-16.76,-90.18440905280805,-77.56,-246.465,-83.189,-247.568,-269.394,-42.818,-54.672,-417.029,-7.7368421052631575,-45.737,-114.062,-84.069,-24.964285714285715,-67.462,-20.0,-42.977,,
gurobi_2.0,-89.798,-122.861,-16.76,-90.18440905280805,-77.56,-246.465,-83.189,-247.568,-269.394,-42.818,-54.672,-419.945,-7.7368421052631575,-45.737,-114.062,-84.069,-24.964285714285715,-67.462,-20.0,-42.977,,
gurobi_8.0,-89.798,-122.704,-16.76,-90.18440905280805,-77.56,-246.465,-83.189,-247.568,-269.394,-42.818,-54.672,-416.336,-7.7368421052631575,-45.737,-114.062,-84.069,-24.964285714285715,-67.462,-20.0,-42.977,,
gurobi_1.0,-89.798,-123.326,-16.76,-90.18440905280805,-77.56,-246.474,-83.189,-247.568,-269.394,-42.818,-54.672,-421.597302504817,-7.7368421052631575,-45.737,-114.062,-84.069,-24.964285714285715,-67.462,-20.0,-42.977,,
gurobi_0.5,-89.798,-124.58,-16.76,-90.18440905280805,-77.56,-246.53,-83.189,-247.568,-269.394,-42.818,-54.672,-423.069,-7.7368421052631575,-45.737,-114.062,-84.069,-24.964285714285715,-67.462,-20.0,-42.977,,
gurobi_0.1,-89.798,-127.238,-16.76,-90.18440905280805,-77.56,-249.695,-83.19,-247.578,-269.502,-42.819,-54.924,-423.069,-7.7368421052631575,-45.737,-114.062,-84.069,-24.982142857142858,-67.462,-20.0,-42.977,,
SDP lift,,,-16.756892976760863,,,,,,,,,,-7.7372643822117855,,,,-24.925131029316358,-56.45677478496845,-19.91958220601082,,-73.35152729797363,-196.41942362976073
SDP proj,,,-16.78,,,,,,,,,,-7.7368421052631575,,,,-24.973214285714285,-56.67307692307692,-20.0,,-81.3,-197.206
vertex count,,,-19.773,,,,,,,,,,-17.930851063829788,,,,-39.05750224618149,-74.4948,-32.63333333333333,,,
