,PowerlawCluster@@50,ErdosRenyi@@50,ErdosRenyi@@400,IMDB-BINARY,WattsStrogatz@@100,ErdosRenyi@@100,REDDIT-MULTI-5K,BarabasiAlbert@@100,BarabasiAlbert@@400,WattsStrogatz@@50,PowerlawCluster@@400,REDDIT-BINARY,REDDIT-MULTI-12K,MUTAG,BarabasiAlbert@@50,COLLAB,PowerlawCluster@@100,PROTEINS,ENZYMES,WattsStrogatz@@400,RANDOM,ForcedRB
gurobi_4.0,-42.977,-54.672,-417.029,-16.76,-89.798,-122.858,-107.32,-83.189,-246.465,-45.737,-247.568,-82.81,-81.52,-7.7368421052631575,-42.818,-67.462,-84.069,-24.964285714285715,-20.0,-269.394,,
gurobi_2.0,-42.977,-54.672,-419.997,-16.76,-89.798,-122.982,-107.32,-83.189,-246.466,-45.737,-247.568,-82.81,-81.52,-7.7368421052631575,-42.818,-67.462,-84.069,-24.964285714285715,-20.0,-269.394,,
gurobi_1.0,-42.977,-54.672,-423.069,-16.76,-89.798,-123.47,-107.32,-83.189,-246.487,-45.737,-247.568,-82.81,-81.52,-7.7368421052631575,-42.818,-67.462,-84.069,-24.964285714285715,-20.0,-269.394,,
gurobi_0.1,-42.977,-55.062,-423.069,-16.76,-89.798,-127.83,-108.73,-83.192,-256.333,-45.737,-247.898,-82.81,-81.57,-7.7368421052631575,-42.818,-67.466,-84.069,-24.964285714285715,-20.0,-269.582,,
gurobi_0.5,-42.977,-54.679,-423.069,-16.76,-89.798,-124.836,-107.84,-83.189,-246.558,-45.737,-247.568,-82.81,-81.57,-7.7368421052631575,-42.818,-67.462,-84.069,-24.964285714285715,-20.0,-269.394,,
gurobi_8.0,-42.977,-54.672,-415.523,-16.76,-89.798,-122.759,-107.32,-83.189,-246.465,-45.737,-247.568,-82.81,-81.52,-7.7368421052631575,-42.818,-67.462,-84.069,-24.964285714285715,-20.0,-269.394,,
greedy,-51.38,-68.847,-442.838,-17.24,-143.698,-143.513,-153.24,-101.417,-302.528,-72.551,-298.975,-117.16,-115.72,-12.842105263157896,-51.919,-71.742,-100.868,-33.92857142857143,-27.35,-434.52,,
SDP lift,,,,-16.756892976760863,,,,,,,,,,-7.7372643822117855,,-56.45677478496845,,-24.925131029316358,-19.91958220601082,,-73.35152729797363,-196.41942362976073
SDP proj,,,,-16.78,,,,,,,,,,-7.7368421052631575,,-56.67307692307692,,-24.973214285714285,-20.0,,-81.3,-197.206
vertex count,,,,-19.773,,,,,,,,,,-17.930851063829788,,-74.4948,,-39.05750224618149,-32.63333333333333,,,
