,PROTEINS,ENZYMES,COLLAB,IMDB-BINARY,MUTAG,RANDOM,RANDOM 500,ForcedRB
SDP lift,-24.925131029316358,-19.91958220601082,-56.45677478496845,-16.756892976760863,-7.7372643822117855,-73.35152729797363,-434.9552424621582,-196.41942362976073
SDP proj,-24.973214285714285,-20.0,-56.67307692307692,-16.78,-7.7368421052631575,-81.3,-488.485,-197.206
gurobi 1s,-24.964285714285715,-20.0,-67.462,-16.76,-7.7368421052631575,-75.926,-472.6,-197.027
gurobi 5s,-24.964285714285715,-20.0,-67.462,-16.76,-7.7368421052631575,-75.926,-467.42,-196.481
gurobi 20s,-24.964285714285715,-20.0,-67.462,-16.76,-7.7368421052631575,-75.926,,-196.455
vertex count,-39.05750224618149,-32.63333333333333,-74.4948,-19.773,-17.930851063829788,,,
